video_title,comment_text,author,like_count,published_at,source
read RECOMMENDATIONS!âœ¨ğŸ“š #minivlog #bookrecommendations,"Dear Maâ€™am,
Iâ€™m currently writing a book that is around 20% complete and planned for release on Amazon within the next 9â€“12 months.
Iâ€™m reaching out early to request your support once it goes live â€” even a short review or mention would greatly help.
Thank you very much for your time and encouragement.",@DigvijaySinghRajput-f4q,2,2026-01-01T12:07:07Z,youtube
read RECOMMENDATIONS!âœ¨ğŸ“š #minivlog #bookrecommendations,Ikigai is better than all the self help books youve mentioned...,@garimapokhariyal4383,0,2025-12-27T05:37:25Z,youtube
read RECOMMENDATIONS!âœ¨ğŸ“š #minivlog #bookrecommendations,Bhagwad geeta team here â¤,@LovelyGunjan-q4n,8,2025-12-23T07:10:20Z,youtube
read RECOMMENDATIONS!âœ¨ğŸ“š #minivlog #bookrecommendations,if you people like reading classics...then go for animal farm very short and good book...,@PramilaParashar-t3y,2,2025-12-22T07:57:41Z,youtube
read RECOMMENDATIONS!âœ¨ğŸ“š #minivlog #bookrecommendations,Sry to say but its totally boring recommendation of books:(,@brightwin3861,0,2025-12-20T17:20:02Z,youtube
read RECOMMENDATIONS!âœ¨ğŸ“š #minivlog #bookrecommendations,"It you want a cute,feel good book,you can go for Days At the morisaki bookshop ğŸ«°âœ¨",@snaya_yeb,0,2025-12-20T14:03:18Z,youtube
read RECOMMENDATIONS!âœ¨ğŸ“š #minivlog #bookrecommendations,"Will surely read some of the books you recommend! I recently read the novel ""Allah Miyan ka Karkhana"" by Mohsin Khan, the latest sensation in the literary scenario.  

I sincerely request the you to review this novel, which is available in Hindi, as as I read will come soon in 60 languages including one in English by Harper Collins in English. As I'm interested in reading it in English. You can review it better than me and most i know. The novel has recently been honored with the Bank of Baroda Rashtrabhasha Samman and published by Rekhta.  

Critics have described it as a â€œmirrorâ€ that reflects societyâ€™s harsh truths. It poignantly portrays how innocence, especially that of children, is punished, and how injustice against the defenseless continues to thrive. The work raises profound moral and social questions that resonate deeply with our times.  

Your review of this novel would be invaluable for literature lovers and offer viewers a fresh perspective.

https://hindi.news18.com/news/literature/urdu-novel-allah-miyan-ka-karkhana-by-mohsin-khan-gets-bank-of-baroda-rashtrabhasha-samman-rekhta-publication-6494977.html
https://indianexpress.com/article/opinion/urdu-novel-shows-mirror-punish-innocence-children-8676630/",@Indiawillshine,0,2025-12-19T11:07:03Z,youtube
read RECOMMENDATIONS!âœ¨ğŸ“š #minivlog #bookrecommendations,book kaha se milegi ye bhi bata do ğŸ¥ºğŸ¥º,@Abhay-t6g3v,0,2025-12-12T11:54:07Z,youtube
read RECOMMENDATIONS!âœ¨ğŸ“š #minivlog #bookrecommendations,The mountain is you .... I genuinely love this book ...it helps in transforming self sabotage into self mastery ğŸ˜Š,@shwetaparihar07,1,2025-12-11T06:58:07Z,youtube
read RECOMMENDATIONS!âœ¨ğŸ“š #minivlog #bookrecommendations,"Must read uninstall - the future with ai by diljot kaur , its available on amazon as paperback and ebook ,dont forget to put ur reviews up there 
SCIENCE FICTION RECOMMENDATION , READ TILL END

By indian author",@diljotbhathal7080,1,2025-12-09T06:30:04Z,youtube
read RECOMMENDATIONS!âœ¨ğŸ“š #minivlog #bookrecommendations,"my recs

 if someone wants to get into reading and loves cdramas, read ann liang's books! you'll fall in love!

if you want to read mythology + fiction, then the hidden hindu trilogy by akshat gupta is perfect

if you want to read suspense, read the silent patient, the plot is crazy

if you want to read something related to self harm or rape, read the way i used to be (shows how being raped by someone close and not getting correct environment to discuss it with loved ones can change) also read girl in pieces",@golden-peach-almond,0,2025-12-07T20:00:12Z,youtube
read RECOMMENDATIONS!âœ¨ğŸ“š #minivlog #bookrecommendations,ğŸ˜®ğŸ˜®,@Sahelisjourney,0,2025-12-04T18:41:24Z,youtube
read RECOMMENDATIONS!âœ¨ğŸ“š #minivlog #bookrecommendations,Itni sari books lene ke bad kah rahi hai you are like me who cannot find their choice of books,@jyotichauhan8846,0,2025-12-04T13:35:53Z,youtube
read RECOMMENDATIONS!âœ¨ğŸ“š #minivlog #bookrecommendations,Atomic habit is really goodğŸ«¶ğŸ»âœ¨also you can try ikigai if youâ€™re a beginner,@GoRajnandini,0,2025-12-03T04:28:47Z,youtube
read RECOMMENDATIONS!âœ¨ğŸ“š #minivlog #bookrecommendations,Atomic habits it's like bhagwat geeta for me ğŸ˜Š,@hindustanoutpost2530,1,2025-12-02T15:54:59Z,youtube
read RECOMMENDATIONS!âœ¨ğŸ“š #minivlog #bookrecommendations,"I am very much thankful to you .I was wondering why my life is hell and your book recommends ""women who love too much"".They showed me the path .i started reading it and it is still yet complete This book is exactly what I need for.u don't know how much this book is helping me to come out of the boundary i built myself and i understood that my childhood trauma is the reason for living this life.i am hoping after completing of this book i will be a changed person and will have a grt life ahead.lots of love â¤ğŸ¥° to you",@jayaveena,0,2025-11-25T04:13:36Z,youtube
read RECOMMENDATIONS!âœ¨ğŸ“š #minivlog #bookrecommendations,"Pls read before selecting books as a  beginner :

Scratch this, if you want to get into reading try with small adventure books with a good storyline so you don't get bored and stop reading after a while and start feeling miserable... Later you can slowly explore different genres and authors...I would never recommend you to straight away start non-fiction until you find your preferred genre in books that you can truly enjoy. 

Trust me I started my reading journey with books as simple as Thea Stilton series, Enid Blyton , and Nancy Drew , and now have transformed into a voracious reader of books like A thousand splendid suns, the girl who knew too much , A litte life,kite runner, girl in pieces , Tuesdays with Morrie ,or the colour of water by James McBride, All having equally different and engaging stories. 
 
Thanks for Reading, I hope you find good books to read â¤",@starfish_jellybean28,3,2025-11-24T12:24:22Z,youtube
read RECOMMENDATIONS!âœ¨ğŸ“š #minivlog #bookrecommendations,What app do you use to edit your videos??,@Sassyliving1,0,2025-11-19T22:41:15Z,youtube
read RECOMMENDATIONS!âœ¨ğŸ“š #minivlog #bookrecommendations,Can we be strangers again ?,@Dr._KBP_786,0,2025-11-13T06:39:59Z,youtube
read RECOMMENDATIONS!âœ¨ğŸ“š #minivlog #bookrecommendations,Plz give some small summary so it help us to choose best one,@PriyankaSatdive-l3n,0,2025-11-11T14:05:46Z,youtube
read RECOMMENDATIONS!âœ¨ğŸ“š #minivlog #bookrecommendations,Why is the comment section empty? I really enjoyed watching(more of listening) youğŸ’–,@shri_heree,0,2025-11-10T15:13:54Z,youtube
read RECOMMENDATIONS!âœ¨ğŸ“š #minivlog #bookrecommendations,"The monkey paw also very good for something horror and interesting ,read first â¤thank me later ğŸ˜Š",@dharasolanki3499,0,2025-11-03T09:31:33Z,youtube
read RECOMMENDATIONS!âœ¨ğŸ“š #minivlog #bookrecommendations,I found Atomic habits boaring,@Priya29-b,0,2025-11-02T22:36:35Z,youtube
read RECOMMENDATIONS!âœ¨ğŸ“š #minivlog #bookrecommendations,Bata to aaisa rahi hai jaise puri book padh li ho,@laghimatated1821,0,2025-11-02T11:24:18Z,youtube
read RECOMMENDATIONS!âœ¨ğŸ“š #minivlog #bookrecommendations,I am reading Subtle art of not giving a fuck Next ill read Atomic habits â¤,@SyedSeratLifestyle,0,2025-10-31T18:19:32Z,youtube
read RECOMMENDATIONS!âœ¨ğŸ“š #minivlog #bookrecommendations,These were more like 'looks good' books ğŸ˜‚,@screwed9416,0,2025-10-30T16:01:22Z,youtube
read RECOMMENDATIONS!âœ¨ğŸ“š #minivlog #bookrecommendations,"Just my recommendation 
When I was a beginner 
I chose to read Sudha murty's books 
She has like a good  range for all age groups and you can eventually keep upgrading, I read her book called astitva translated in Marathi I liked it so much 
A small book and I recommend it too",@PraptiJadhav-jv6gb,3,2025-10-26T18:13:55Z,youtube
read RECOMMENDATIONS!âœ¨ğŸ“š #minivlog #bookrecommendations,"Self help book - The power of your subconscious mind 


I love this one so badly",@shinchanshika,0,2025-10-25T17:48:55Z,youtube
read RECOMMENDATIONS!âœ¨ğŸ“š #minivlog #bookrecommendations,loved the. recommendations â¤ğŸ‰,@parijmabhakha853,0,2025-10-22T06:12:55Z,youtube
read RECOMMENDATIONS!âœ¨ğŸ“š #minivlog #bookrecommendations,Part 2 please I beg ğŸ˜­ğŸ˜­ğŸ˜­,@sigma0712,0,2025-10-17T08:18:34Z,youtube
read RECOMMENDATIONS!âœ¨ğŸ“š #minivlog #bookrecommendations,The forest of enchantments,@AasthaSharma_099,0,2025-10-15T15:54:31Z,youtube
read RECOMMENDATIONS!âœ¨ğŸ“š #minivlog #bookrecommendations,"Read The diary of a young girl by Anne Frank..... It was my first book and very niceee, heart warming bookâ¤â¤â¤",@thedevanshigarg2.O,0,2025-10-15T07:17:45Z,youtube
read RECOMMENDATIONS!âœ¨ğŸ“š #minivlog #bookrecommendations,"Can you suggest some philosophy books , some small books that will finish fast.",@Triasa-y5i,0,2025-10-10T15:37:06Z,youtube
read RECOMMENDATIONS!âœ¨ğŸ“š #minivlog #bookrecommendations,"Di,u should read, Angels of Morgan Hills and Shall I tell the President ğŸ˜Š, they are damn amazing .",@Jay14-7,0,2025-10-07T09:25:36Z,youtube
read RECOMMENDATIONS!âœ¨ğŸ“š #minivlog #bookrecommendations,Wisebits Stories is like Blinkist for novels! It's been helping me tackle my reading goals without stress â¤ï¸,@zaingamer4,187,2025-10-06T04:25:59Z,youtube
read RECOMMENDATIONS!âœ¨ğŸ“š #minivlog #bookrecommendations,never knew i wanted this till now ğŸ˜‚,@hidayatfootwearmobail749,0,2025-10-05T22:30:34Z,youtube
read RECOMMENDATIONS!âœ¨ğŸ“š #minivlog #bookrecommendations,"love these book suggestion vids, always find gems",@rafaelfernadez9918,1,2025-10-05T16:22:27Z,youtube
read RECOMMENDATIONS!âœ¨ğŸ“š #minivlog #bookrecommendations,"been looking for new reads, perfect timing!",@mazhar7814,0,2025-10-05T16:22:14Z,youtube
read RECOMMENDATIONS!âœ¨ğŸ“š #minivlog #bookrecommendations,"U must read ,truth without apology by acharya prashant",@prettymauryamaurya1850,0,2025-10-05T16:13:29Z,youtube
read RECOMMENDATIONS!âœ¨ğŸ“š #minivlog #bookrecommendations,"had no idea where to start, love this",@PriyankaSingh-ii7pw,1,2025-10-05T10:17:56Z,youtube
read RECOMMENDATIONS!âœ¨ğŸ“š #minivlog #bookrecommendations,"wow i needed some fresh book ideas, thanks!",@kitsune20938,1,2025-10-04T22:18:37Z,youtube
read RECOMMENDATIONS!âœ¨ğŸ“š #minivlog #bookrecommendations,can't wait to check these out ğŸ“š,@RIJURIJASVLOGS,0,2025-10-04T03:49:18Z,youtube
read RECOMMENDATIONS!âœ¨ğŸ“š #minivlog #bookrecommendations,finally found my next read ğŸ˜,@sadsoulai,0,2025-10-03T18:53:17Z,youtube
read RECOMMENDATIONS!âœ¨ğŸ“š #minivlog #bookrecommendations,Di I'm 15 years old so can I read these books . Are they really interesting? ğŸ¤” Means I'm just asking. Pls tell,@siddhijadiya4124,0,2025-10-03T14:09:51Z,youtube
read RECOMMENDATIONS!âœ¨ğŸ“š #minivlog #bookrecommendations,Part 2,@Bhoomija-21b,0,2025-10-03T04:45:16Z,youtube
read RECOMMENDATIONS!âœ¨ğŸ“š #minivlog #bookrecommendations,â¤ï¸â¤ï¸,@wordsmith_reviews,0,2025-10-02T09:09:59Z,youtube
read RECOMMENDATIONS!âœ¨ğŸ“š #minivlog #bookrecommendations,â¤â¤â¤,@shrutipalve374,0,2025-09-21T11:51:41Z,youtube
read RECOMMENDATIONS!âœ¨ğŸ“š #minivlog #bookrecommendations,"Read ikigai, I just love how it helps us to realize how to stay young from heart and to give importantance to each and every moment in our life.",@a23deepikagowda73,75,2025-09-19T04:59:18Z,youtube
read RECOMMENDATIONS!âœ¨ğŸ“š #minivlog #bookrecommendations,"Kya Ramayan aur mahabharat bta k chle gye yr
Inko kya padhna... Jitna janna zaruri h utna TV m dekh liya sabne",@Lokendra924,0,2025-09-18T09:39:53Z,youtube
read RECOMMENDATIONS!âœ¨ğŸ“š #minivlog #bookrecommendations,"Hey dear the book mahabharat unravelled is a good book. But while reading the book, I donâ€™t know why it felt like the writer intentionally wanted to portray the character â€˜Karanaâ€™ in a bad lightâ€¦ I know Karanaâ€™s character is already controversial, but in this book it kept feeling as if the writer had a personal grudge against himâ€¦.",@kamal-paradise,1,2025-09-18T07:05:06Z,youtube
Books I wish I could unread #booktube #booktok #bookish #bookreview #booksummary #reading #bookworm,Autumn was the reason I wore tiaras to school in 8th grade ğŸ˜,@Cryingcc,0,2026-01-13T03:08:54Z,youtube
Books I wish I could unread #booktube #booktok #bookish #bookreview #booksummary #reading #bookworm,Uhm my mom love acotar like loves it,@oliviaxoxo27,0,2026-01-13T01:17:39Z,youtube
Books I wish I could unread #booktube #booktok #bookish #bookreview #booksummary #reading #bookworm,No offense but most of her vids opinions lowk piss me off so baddd,@MalihaAfrin-g9c,0,2026-01-12T22:00:41Z,youtube
Books I wish I could unread #booktube #booktok #bookish #bookreview #booksummary #reading #bookworm,Unpopular opinion: king of greed was waaay better that king of wrath,@Lachimolala_me,1,2026-01-12T17:08:02Z,youtube
Books I wish I could unread #booktube #booktok #bookish #bookreview #booksummary #reading #bookworm,"No books LOL 
I read the first chapter and if its not for me i find another random chapter and read that one (or just a side) and if im still not happy i just dont read the book",@Chansungs_chopsticks,0,2026-01-12T06:39:36Z,youtube
Books I wish I could unread #booktube #booktok #bookish #bookreview #booksummary #reading #bookworm,i cant tell if this is rage bait...,@danyel1488,0,2026-01-12T04:41:25Z,youtube
Books I wish I could unread #booktube #booktok #bookish #bookreview #booksummary #reading #bookworm,"One of us is lying by Karen Mcmanus. The worst murder mystery book series I've ever read, the only character I actually liked is Maeve Rojas.",@mir._.katlover23,0,2026-01-12T04:34:08Z,youtube
Books I wish I could unread #booktube #booktok #bookish #bookreview #booksummary #reading #bookworm,i wish i could permanently unread Powerless,@DuckMaster413,0,2026-01-12T03:25:49Z,youtube
Books I wish I could unread #booktube #booktok #bookish #bookreview #booksummary #reading #bookworm,What do you mean there's no groveling and yearning in king of greed. He grovelled the whole book ğŸ˜­ğŸ™ğŸ»,@Chiihuahua10,0,2026-01-11T19:51:26Z,youtube
Books I wish I could unread #booktube #booktok #bookish #bookreview #booksummary #reading #bookworm,Bro I loved Matched. But the other books pmo. Imo she wasn't good at the 3 povs. So it was really confusing. But Matched was dubs,@ur_least_fav_rat,0,2026-01-11T19:34:26Z,youtube
Books I wish I could unread #booktube #booktok #bookish #bookreview #booksummary #reading #bookworm,"i loved if he had been with me, i love how autumn didnt conform to all the popular girls or whatever. i loved her tiaras.",@kacibug912,0,2026-01-10T11:38:24Z,youtube
Books I wish I could unread #booktube #booktok #bookish #bookreview #booksummary #reading #bookworm,"no hate, but I seriously love the summer I turned pretty, im currently reading the second book ğŸ˜…",@ChloConut1313,0,2026-01-09T20:52:34Z,youtube
Books I wish I could unread #booktube #booktok #bookish #bookreview #booksummary #reading #bookworm,ğŸ‘ğŸ½ğŸ‘ğŸ½,@hweta6607,0,2026-01-09T03:52:37Z,youtube
Books I wish I could unread #booktube #booktok #bookish #bookreview #booksummary #reading #bookworm,yes i read king of greed once and havent picked it up since. and im currrently attempting rereading acotar its just so LONG,@KrazyKidsUnboxingASMR,0,2026-01-08T05:29:45Z,youtube
Books I wish I could unread #booktube #booktok #bookish #bookreview #booksummary #reading #bookworm,"I love the summer I turn pretty series
That was like my first books that wasnâ€™t just for kids",@Reeanna_11,0,2026-01-05T18:16:03Z,youtube
Books I wish I could unread #booktube #booktok #bookish #bookreview #booksummary #reading #bookworm,"The tale of desperaux bc a girls mother dies and at the end nobody cares what she want or about her and at one point somebody finally asks her what she wants and she says she want her
MomğŸ˜­ğŸ˜­ğŸ˜­",@BooneShotwell,0,2026-01-05T18:08:11Z,youtube
Books I wish I could unread #booktube #booktok #bookish #bookreview #booksummary #reading #bookworm,Wicked lovley and Harry Potter (worst book series in my opinion).,@doroteabelajec1060,0,2026-01-05T00:01:25Z,youtube
Books I wish I could unread #booktube #booktok #bookish #bookreview #booksummary #reading #bookworm,Check out my book â¤,@tybaroseanne,0,2026-01-04T13:42:03Z,youtube
Books I wish I could unread #booktube #booktok #bookish #bookreview #booksummary #reading #bookworm,"hunger games and divergent so I can REREAD THEM

but if we're being serious, that one kpop demon hunters book i got for christmas

I love kdh but this book spelled huntrix as ""huntr/x"" 14 times (which i find aesthetically displeasing) AND got all the names of the saja boys wrong",@yourneighborhoodgwinamhater,0,2026-01-04T00:23:58Z,youtube
Books I wish I could unread #booktube #booktok #bookish #bookreview #booksummary #reading #bookworm,The king of greed is my favorite book in all of Ana huangs book cause it's so dang realistic. And i can relate because the same had happened almost to my parents (except the dirty parts afc) and it is like this.,@hansomin-p3i,0,2026-01-03T08:04:08Z,youtube
Books I wish I could unread #booktube #booktok #bookish #bookreview #booksummary #reading #bookworm,I loved if he had been with me,@Teens-show,0,2026-01-02T20:11:22Z,youtube
Books I wish I could unread #booktube #booktok #bookish #bookreview #booksummary #reading #bookworm,ICEBREAKER!!! STOP GIVING SPICY BOOKS INNOCENT COVERS!!!,@IzzyCande,0,2026-01-02T18:58:33Z,youtube
Books I wish I could unread #booktube #booktok #bookish #bookreview #booksummary #reading #bookworm,It is a pain having a sister who's a fan of The Summer I turned Petty. Realistic fiction is so pointless! Which sounds cooler: Some guys going to the supermarket or Conquistador centaurs battling mammoths?,@jeffreygao3956,0,2026-01-02T02:06:42Z,youtube
Books I wish I could unread #booktube #booktok #bookish #bookreview #booksummary #reading #bookworm,You said in a different video that you love if he had been with meâ€¦which is is it exactly?,@ChloeEkkel-q1l,0,2026-01-01T21:53:07Z,youtube
Books I wish I could unread #booktube #booktok #bookish #bookreview #booksummary #reading #bookworm,"i love if he had been with me but i was for sure getting second hand embarrassment overthe tiaras, i do think the ending was quite fast tho",@x_maya_x321,0,2025-12-31T00:14:10Z,youtube
Books I wish I could unread #booktube #booktok #bookish #bookreview #booksummary #reading #bookworm,Flock by Kate Stewart. I donâ€™t think explanation is needed here,@thewittyone,0,2025-12-30T13:38:25Z,youtube
Books I wish I could unread #booktube #booktok #bookish #bookreview #booksummary #reading #bookworm,IF HE HAD BEEN WITH ME IS THE BEST BOOK EVER. i CRIED SO DANG HARD BRO,@Jasey-i3e8n,0,2025-12-30T08:04:12Z,youtube
Books I wish I could unread #booktube #booktok #bookish #bookreview #booksummary #reading #bookworm,Belly is a weird nickname tbh,@dkcathy,0,2025-12-30T06:29:11Z,youtube
Books I wish I could unread #booktube #booktok #bookish #bookreview #booksummary #reading #bookworm,I was 12 and read a fanfic with lots of spice. lol.,@qtluckycharmz,1,2025-12-29T22:17:26Z,youtube
Books I wish I could unread #booktube #booktok #bookish #bookreview #booksummary #reading #bookworm,Some of these are good. I feel like itâ€™s not fair for you to hate on books when you arenâ€™t writing any yourself.,@MewingDog-x3l,0,2025-12-28T18:41:57Z,youtube
Books I wish I could unread #booktube #booktok #bookish #bookreview #booksummary #reading #bookworm,"i agree the with King of greed, it put me in a reading slump, but the rest of her series kings of sin and twisted series were good <3",@Tyler.vitelli.Daughter12,0,2025-12-28T03:11:53Z,youtube
Books I wish I could unread #booktube #booktok #bookish #bookreview #booksummary #reading #bookworm,1,@Aleena_Ahamed,0,2025-12-27T23:12:28Z,youtube
Books I wish I could unread #booktube #booktok #bookish #bookreview #booksummary #reading #bookworm,All of the books we were forced to read for home reading,@LeonTheCrapPoster,0,2025-12-27T16:29:24Z,youtube
Books I wish I could unread #booktube #booktok #bookish #bookreview #booksummary #reading #bookworm,okay saying if he had been with me reads like a fanfic is actually an insane take,@e17-r5q,0,2025-12-27T15:58:45Z,youtube
Books I wish I could unread #booktube #booktok #bookish #bookreview #booksummary #reading #bookworm,How can you complain about Tamlin but not bring up Rhysand? He's just as bad,@BlackArts_ByVal,0,2025-12-27T06:40:12Z,youtube
Books I wish I could unread #booktube #booktok #bookish #bookreview #booksummary #reading #bookworm,Red white and royal blue bc yhat book traumatized me,@Demoninpink6424,0,2025-12-26T15:39:23Z,youtube
Books I wish I could unread #booktube #booktok #bookish #bookreview #booksummary #reading #bookworm,The cruel prince,@NalanOzturk-g3h,0,2025-12-26T05:28:02Z,youtube
Books I wish I could unread #booktube #booktok #bookish #bookreview #booksummary #reading #bookworm,I wish I can unread the PJO&HOO series and reread it to experience the emotional rollercoaster again without the spoilers.,@LingziAnna,0,2025-12-25T06:07:44Z,youtube
Books I wish I could unread #booktube #booktok #bookish #bookreview #booksummary #reading #bookworm,I fricking loved if he had been with me Autumns tiaras were fire Iâ€™m currently reading if only I had told her (along with the inheritance games but thatâ€™s besides the point),@0nyx8263,0,2025-12-25T03:29:36Z,youtube
Books I wish I could unread #booktube #booktok #bookish #bookreview #booksummary #reading #bookworm,The Silent Patientâ€¦it was a good book but not my style and it was kinda boring,@ZenWayne-m9v,0,2025-12-25T03:27:50Z,youtube
Books I wish I could unread #booktube #booktok #bookish #bookreview #booksummary #reading #bookworm,"Unpopular opinion but Lightlark, I heard it was highly rated but I wish she chose Grim instead.",@thewhitewolf230,0,2025-12-25T02:57:14Z,youtube
Books I wish I could unread #booktube #booktok #bookish #bookreview #booksummary #reading #bookworm,"Ill forever love if he had been with me, it genuinely makes me cry every time ğŸ˜­",@Dm7x1,0,2025-12-24T20:23:44Z,youtube
Books I wish I could unread #booktube #booktok #bookish #bookreview #booksummary #reading #bookworm,"If he had been with me, Is valid I feel like it could have dug deeper about Autumn, HER life her thoughts and personalities  it just mostly foucused on romance.",@forgirlswholovesbookss,0,2025-12-23T19:20:49Z,youtube
Books I wish I could unread #booktube #booktok #bookish #bookreview #booksummary #reading #bookworm,"I didnt finish it, but I read a book about two cousins who would make out and do intimate things- i really with i could unread it",@kyokokimura34,0,2025-12-23T18:03:05Z,youtube
Books I wish I could unread #booktube #booktok #bookish #bookreview #booksummary #reading #bookworm,"Unpopular opinion: you've reached sam. Hated the writing style, was very boring, slow, and had to force myself to read it, did not make me cry even tho I'm trying to find books that can. This is my opinion",@itzjustmealright,0,2025-12-22T23:27:13Z,youtube
Books I wish I could unread #booktube #booktok #bookish #bookreview #booksummary #reading #bookworm,i really want to read if he had been with me is it good?,@vi83929,0,2025-12-22T20:45:32Z,youtube
Books I wish I could unread #booktube #booktok #bookish #bookreview #booksummary #reading #bookworm,Romantic books are killing the reading hobby itâ€™s all there is like write something else,@EGEntertanment,0,2025-12-22T11:11:23Z,youtube
Books I wish I could unread #booktube #booktok #bookish #bookreview #booksummary #reading #bookworm,"The betrothed by kiara cass 
âœ¨spoiler warningâœ¨









it was a good plot but i cried so dang hard when silas died",@cici-t9h,0,2025-12-22T04:35:43Z,youtube
Books I wish I could unread #booktube #booktok #bookish #bookreview #booksummary #reading #bookworm,Id want to un read all my books so I can read them again for the first time,@ZareenaX17,0,2025-12-21T20:28:53Z,youtube
Books I wish I could unread #booktube #booktok #bookish #bookreview #booksummary #reading #bookworm,Alleigent because u know,@KarinaCallaghan,0,2025-12-21T15:53:10Z,youtube
the 7 books I read in September,You have to read fake skating by Lynn Painter it is so good,@Randomedits234-n2n,1,2026-01-10T20:09:01Z,youtube
the 7 books I read in September,Can you read and review the medoran chronicles by Lynette  Noni I love it and I want to see what other people think of itâ¤,@Amysguineapigs-u8y,1,2026-01-05T06:09:14Z,youtube
the 7 books I read in September,Day 12 of asking you to read operation frog effect,@SophiaSanchez-g5u,0,2026-01-01T22:45:15Z,youtube
the 7 books I read in September,"Dear Maâ€™am,
Iâ€™m currently writing a book that is around 20% complete and planned for release on Amazon within the next 9â€“12 months.
Iâ€™m reaching out early to request your support once it goes live â€” even a short review or mention would greatly help.
Thank you very much for your time and encouragement.



â¤â¤â¤â¤",@DigvijaySinghRajput-f4q,0,2026-01-01T12:16:13Z,youtube
the 7 books I read in September,When I heard enemies to lovers my eyes lit upğŸ˜Š,@LeungAsh,0,2026-01-01T08:45:11Z,youtube
the 7 books I read in September,â¤ï¸,@ScottiLutz,0,2025-12-29T20:24:06Z,youtube
the 7 books I read in September,"Do you have Forth wing, iron flame, and onyx storm?
â¤â¤â¤",@Phoenix-Nix-17,0,2025-12-25T13:23:52Z,youtube
the 7 books I read in September,YESSS BROKEN COUNTRY I HAVE THAT BOOK I BOUGHT IT BUT I HAVEN'T READ IT YET IT MAKES ME SO HAPPY TO SEE EVERYONE LIKING IT,@Charlie.da.pumpkinALToffical,0,2025-12-24T17:48:56Z,youtube
the 7 books I read in September,"Haylee is pregnant????. Close angles. Optical illusion clothing? Lmao as cringe as ""we have an announcement"" videos are. Definitely can't wait",@eliorellana,0,2025-12-17T12:15:31Z,youtube
the 7 books I read in September,"Reading 7 books in a month is INSANE to me, it usually takes me a month to read one unless im already hyperfixated on it before i pick up the book (like i got hyperfixated on The Long Walk by stephen king and i read the entire thing today)",@Virgil-the-rat,0,2025-12-17T06:07:09Z,youtube
the 7 books I read in September,I've read like 7 books in all of 2025,@runawaywiches,0,2025-12-17T01:21:13Z,youtube
the 7 books I read in September,7 books in one month is an insane reading pace. How do you do it?,@Panda-masterr,0,2025-12-12T22:51:05Z,youtube
the 7 books I read in September,Read lotm,@Fauzan12-k7d,0,2025-12-12T22:27:05Z,youtube
the 7 books I read in September,WOAH I DIDNT KNOW FEARFUL WAS RELEASED. I WAS SO HOOKED ON FEARLESS. READING IT NOW,@LEEXUEYINGS1-08,0,2025-12-12T11:06:57Z,youtube
the 7 books I read in September,"I wanna read prison healer, Lynette Noni makes such amazing books",@freyangirl,1,2025-12-09T14:31:14Z,youtube
the 7 books I read in September,Hi,@lefttwiqqs2588,0,2025-12-09T00:36:12Z,youtube
the 7 books I read in September,"Great reviews !!!
With all the characters that you must have in your head, any characters that stay with you must be very well written.
Thank you.",@primarch40K,0,2025-12-07T17:51:35Z,youtube
the 7 books I read in September,Love this.,@paramedicchrisbookseries,0,2025-12-07T12:10:26Z,youtube
the 7 books I read in September,Oh I thought u meant you WROTE 7 books in September and I screamed ğŸ˜‚,@justxluna_og,0,2025-12-06T12:27:06Z,youtube
the 7 books I read in September,"No non-fiction?  Most books I read are fiction, but if you are noy reading non-fiction you are missing out.
There are whole sections of history that make Game of Thrones look absolutely tame.",@rainybeet,0,2025-12-05T18:27:35Z,youtube
the 7 books I read in September,"Elin Hilderbrand and her Daughter & Alchemy of secrets I want to read, thanks for sharing what youâ€™ve readğŸ“š you read a lot in one month quite impressive!! Also I wanna read the new book that was released called One Way or Another based in Stranger Things stories.ğŸ’",@ay_aym_mya,0,2025-12-04T15:00:08Z,youtube
the 7 books I read in September,What is the watermark on the top of book corner,@lucasgrail9032,0,2025-12-04T07:06:10Z,youtube
the 7 books I read in September,Oh my gosh I LOVE fantasy thank you for showing me the way ğŸ˜‚â¤ï¸,@Moonlark_15,0,2025-12-04T03:00:58Z,youtube
the 7 books I read in September,some good titles in there,@nicky_rads,0,2025-12-03T04:12:50Z,youtube
the 7 books I read in September,Yall should read Percy Jackson. I promise u it might seem like a childrenâ€™sâ€™ book and too childish but itâ€™s legit made for adults and younger,@TheAthenaCabin-k2x,0,2025-12-03T03:29:26Z,youtube
the 7 books I read in September,YOU SHOULD READ AMULET BOOK ITS HAS 9 CHAPTERS ITS SOO SO SO SO GOOD I SWEAR AND ITS A BEST TIME NEW YORK BOOK,@Shaikha-k6e,0,2025-12-02T13:38:02Z,youtube
the 7 books I read in September,Do any one read hard to fake by piper Lawson,@hanacayoob,1,2025-11-29T08:41:41Z,youtube
the 7 books I read in September,wait theese all sound so good!,@brookesbooks_11,1,2025-11-28T14:59:24Z,youtube
the 7 books I read in September,You should do a updated tour of your home library because you got a lot more books,@Addigirlvball1,1,2025-11-28T01:34:28Z,youtube
the 7 books I read in September,I'm so gonna be made fun of at school for all this it doesn't help that I'm a guy ğŸ˜…,@WitherKing-q8s,0,2025-11-27T09:36:50Z,youtube
the 7 books I read in September,If you havenâ€™t read the whole powerless series it is amazing and yo need too!,@KateKnott-r3m,2,2025-11-26T20:20:21Z,youtube
the 7 books I read in September,"Okay I have two book series that you should definitely read, The Naturals by Jennifer Lynn Barnes and Powerless by Lauren Roberts",@laniicore,2,2025-11-24T02:00:06Z,youtube
the 7 books I read in September,You should read â€œthe beginning of everything  â€œ,@EllieH-l8g,1,2025-11-24T01:40:35Z,youtube
the 7 books I read in September,"I used to read so much in 9th grade and fell out of it in 10th (i'm a senior now btw) and I have 44 books (not counting 3 of them because they aren't actual books), and I've read like over 13 of them. I'm currently reading Animal Farm by George Orwell, and I'm trying to finish it. It's actually a very short book I just have a hard time to actually sit down and read for some reason but when I do I'm very into the book yk?",@wonder222-s8n,3,2025-11-23T17:09:35Z,youtube
the 7 books I read in September,I tried the academy because of your review and literally threw it away 1/2 way through. It was too raunchy for our family's taste.,@heatheringraffia7255,0,2025-11-22T12:38:40Z,youtube
the 7 books I read in September,How do you read so many books ? I tried but was only able to read 40 pages of self help and fiction .,@headhuntrzz,2,2025-11-22T06:40:43Z,youtube
the 7 books I read in September,You need to read The Witcher and The Hunger Games.,@Ğ‘Ğ¾Ñ€ĞºĞ¾-Ñƒ1Ğ²,0,2025-11-20T18:49:33Z,youtube
the 7 books I read in September,I have a question. Do you know of any young adult Christian books? My parents are strict on what I read.,@DaliahSummer,0,2025-11-19T05:35:14Z,youtube
the 7 books I read in September,I really like to read books and you encourage me to read these,@RaihanaPanahi,1,2025-11-19T03:38:42Z,youtube
the 7 books I read in September,Has she read the left behind series by Tim lahaye and Jerry b Jenkins itâ€™s really good,@ironmancarandpals,2,2025-11-18T02:20:00Z,youtube
the 7 books I read in September,God bless you,@AlejandroHerreraHolyTrinity,0,2025-11-17T12:35:21Z,youtube
the 7 books I read in September,"I don't really know your reading taste but please can you read ""The Medoran chronicles "" by Lynette Noni",@fantastic5waqaszaheer545,0,2025-11-13T08:57:02Z,youtube
the 7 books I read in September,Can you read the Good Girls Guide to Murder series?? Itâ€™s by holly Jackson,@STR4WB3RRY-hi,0,2025-11-12T20:02:55Z,youtube
the 7 books I read in September,Have you read My Life With The Walter Boys by Ali Novak. I just finished it and I loved it. â¤,@Lothsayizzlerray0009,0,2025-11-11T06:40:41Z,youtube
the 7 books I read in September,"Have you ever read the series of out of my mind, out of my heart, and out of my dreams? ğŸ§ğŸ§ğŸ§",@Lifeee_w_Addy,1,2025-11-11T01:44:34Z,youtube
the 7 books I read in September,Read manga,@Misiakgojo,0,2025-11-10T13:20:16Z,youtube
the 7 books I read in September,"Can you please read the legend series by Marie lu it's my favorite book series and I would love to see you read it â¤ there are 4 books in the series btw 
LEGEND, PRODIGY, CHAMPION, AND REBEL.",@Charlotte-7777,2,2025-11-10T05:18:22Z,youtube
the 7 books I read in September,I start reading books but i never finish it ğŸ˜­,@oxymaima,1,2025-11-09T16:53:34Z,youtube
the 7 books I read in September,"The prison healer series is amazing!!! The first book is definitely slow, but the plot quickly picks up through the 2nd an 3rd books",@McKynleeTapp,1,2025-11-09T03:01:11Z,youtube
the 7 books I read in September,Can u please read any of Ann liangs books,@laylaypanda5159,0,2025-11-09T02:44:02Z,youtube
Overhyped vs. slept on books ğŸ“š #booktube #booktok #bookreview #bookhaul,"Thank you. I didn't like the midnight library, it wasn't as good as people told me",@Natalia-Millan,0,2026-01-13T07:23:22Z,youtube
Overhyped vs. slept on books ğŸ“š #booktube #booktok #bookreview #bookhaul,"Every summer after and beach read are a great books, dont say these that books are overhyper just because its an opinion",@megandell3479,0,2026-01-10T03:09:41Z,youtube
Overhyped vs. slept on books ğŸ“š #booktube #booktok #bookreview #bookhaul,Normal people is the worst book I've ever read,@robertbeckerbecker1354,0,2026-01-09T12:08:07Z,youtube
Overhyped vs. slept on books ğŸ“š #booktube #booktok #bookreview #bookhaul,"We had to read A tree grows in Brooklyn my freshman year of honors English. 
an American marriage gets mixed reviews but I love it! ğŸ˜‚",@Cre8tivelyJade,0,2026-01-08T19:05:48Z,youtube
Overhyped vs. slept on books ğŸ“š #booktube #booktok #bookreview #bookhaul,"_A Tree Grows in Brooklyn_ is not slept-on, it is an incredibly famous classic.",@GreenGretel,0,2026-01-07T14:44:05Z,youtube
Overhyped vs. slept on books ğŸ“š #booktube #booktok #bookreview #bookhaul,Anyone else reading their Bible lately? Jesus loves y'all.,@Melly_Bee_,0,2026-01-07T03:12:35Z,youtube
Overhyped vs. slept on books ğŸ“š #booktube #booktok #bookreview #bookhaul,That's not slept on girl thoes books are pretty popular and many are clasic or bestselling too they're maybe not tiktok popular genre,@AnsikaPrasad,0,2025-12-28T21:43:56Z,youtube
Overhyped vs. slept on books ğŸ“š #booktube #booktok #bookreview #bookhaul,"Yes, not a romance fan either but would you please consider doing another with the same themes? Would love to see that one. Thanks!",@treluvstrees999,0,2025-12-27T15:19:16Z,youtube
Overhyped vs. slept on books ğŸ“š #booktube #booktok #bookreview #bookhaul,Gurl every summer after is lit,@hibafiroze8912,0,2025-12-26T17:19:38Z,youtube
Overhyped vs. slept on books ğŸ“š #booktube #booktok #bookreview #bookhaul,i dont understand unhoneymooners criticism it was the most fun for me,@sanikah23,0,2025-12-26T09:52:57Z,youtube
Overhyped vs. slept on books ğŸ“š #booktube #booktok #bookreview #bookhaul,"Slept on books: all NYT Best Sellers

lol what does this video meeeeaaan",@overtonwindowshopper,0,2025-12-25T05:12:42Z,youtube
Overhyped vs. slept on books ğŸ“š #booktube #booktok #bookreview #bookhaul,I LOVED the midnight library!,@LuckyPigeon1111,1,2025-12-12T06:21:09Z,youtube
Overhyped vs. slept on books ğŸ“š #booktube #booktok #bookreview #bookhaul,Whaaaat? I loved normal people. I actually have barely heard of it,@Countessarts,0,2025-12-03T00:55:16Z,youtube
Overhyped vs. slept on books ğŸ“š #booktube #booktok #bookreview #bookhaul,The midnigjt library was s9 good! I have no idea why you dont like it.,@LimwenCEL,0,2025-12-02T07:42:40Z,youtube
Overhyped vs. slept on books ğŸ“š #booktube #booktok #bookreview #bookhaul,On Earth was soooo good!,@oklahomapoet,0,2025-12-02T03:39:24Z,youtube
Overhyped vs. slept on books ğŸ“š #booktube #booktok #bookreview #bookhaul,Omg i love to all the boys ive loved before thoughhh ğŸ˜­ğŸ™ğŸ»,@AuthorEleanorChapman,0,2025-11-28T03:25:17Z,youtube
Overhyped vs. slept on books ğŸ“š #booktube #booktok #bookreview #bookhaul,I might be too late for anyone to reply but does anyone else think that the Alchemist series by Michael Scott is underrated like no one's heard of it but everyone I recommend it to ends up loving it.,@corbinfulford9761,0,2025-11-24T20:49:33Z,youtube
Overhyped vs. slept on books ğŸ“š #booktube #booktok #bookreview #bookhaul,tatbilb is good thoğŸ˜­,@onerhour,0,2025-11-18T02:39:40Z,youtube
Overhyped vs. slept on books ğŸ“š #booktube #booktok #bookreview #bookhaul,Love it,@TomsCabinBooksMore,0,2025-11-16T16:47:21Z,youtube
Overhyped vs. slept on books ğŸ“š #booktube #booktok #bookreview #bookhaul,YOU DID NOT JUST SAY TO ALL THE BOYS I LOVED BEFIRE WAS OVERHYPED I COULD NOT PUT THAT BOOK DOWN TWO DAYS STRAIGHT I LAUGHED I CRIED I SCREAMED,@SmileyAlaska,1,2025-11-10T04:04:49Z,youtube
Overhyped vs. slept on books ğŸ“š #booktube #booktok #bookreview #bookhaul,Thanks for sharing this! Always love good book recommendations,@korasbookstv,0,2025-11-05T13:55:16Z,youtube
Overhyped vs. slept on books ğŸ“š #booktube #booktok #bookreview #bookhaul,The way my mouth dropped when I saw to all the boys Iâ€™ve loved before in the over hyped pile LIKE THATS MY FAVORITE BOOK IVE RED,@Mayfieldedits,0,2025-10-28T23:47:19Z,youtube
Overhyped vs. slept on books ğŸ“š #booktube #booktok #bookreview #bookhaul,"A tree grows in brooklyn, slept on?? Its a pretty popular book. Actually, many of those are best sellers.",@questioneverythingorstall,0,2025-10-23T21:03:52Z,youtube
Overhyped vs. slept on books ğŸ“š #booktube #booktok #bookreview #bookhaul,"Thank you, fine choices. Also â€” the novel â€œAssuntaâ€ by a writer named Greco, a modern-day variant of the epic 14th century poem, The Divine Comedy; three books in oneâ€”Inferno, Purgatorio, and Paradiso. Itâ€™s a forceful love story, but a trip through Hell, heavy on depravity and slaughterâ€”my cup of tea. Dystopian-horror-sci fi to die for here.",@OsakaReads,0,2025-10-09T01:57:18Z,youtube
Overhyped vs. slept on books ğŸ“š #booktube #booktok #bookreview #bookhaul,Yesss,@lukalion5,0,2025-10-08T05:34:45Z,youtube
Overhyped vs. slept on books ğŸ“š #booktube #booktok #bookreview #bookhaul,ğŸ‘ğŸ“–ğŸ’š,@thalia_buchhandlungen,0,2025-10-01T13:21:46Z,youtube
Overhyped vs. slept on books ğŸ“š #booktube #booktok #bookreview #bookhaul,"Hi everyone, I'm absolutely passionate about reading and getting lost in stories/books. Unfortunately, buying new books isn't always feasible for me. If you have books gathering dust on your shelves that you'd be willing to share, I'd be incredibly grateful! Any donations would mean the world to me and fuel my love for reading. Whether it's novels, non-fiction, or anything in between - I'd love to give them a new home. Thanks so much in advance for considering this!",@MbaliNxumalo00,0,2025-09-23T19:47:37Z,youtube
Overhyped vs. slept on books ğŸ“š #booktube #booktok #bookreview #bookhaul,Hereâ€™s a book that isnâ€™t talked about it enough: The Ophis Gambit. And itâ€™s really good â¤,@hiatus-tillmarch,1,2025-09-23T14:33:12Z,youtube
Overhyped vs. slept on books ğŸ“š #booktube #booktok #bookreview #bookhaul,To all the boys i loved before i felt derserved the right amount of praise,@Strxlz,1,2025-09-18T19:47:55Z,youtube
Overhyped vs. slept on books ğŸ“š #booktube #booktok #bookreview #bookhaul,I have a piece of work..I would like to share it maybe helpful in one way or another... it's based on music and spirituality,@MetrixCvic-r1h,0,2025-09-12T23:00:25Z,youtube
Overhyped vs. slept on books ğŸ“š #booktube #booktok #bookreview #bookhaul,"A TREE GROWS IN BROOKLYN MENTION ğŸ¤ğŸ¤ğŸ¤ğŸ¤ my favorite book when I was a little kid and I bought a new copy of it in adulthood, reread it a couple years ago and still really enjoyed it",@autumndyke,0,2025-09-03T18:21:13Z,youtube
Overhyped vs. slept on books ğŸ“š #booktube #booktok #bookreview #bookhaul,"the ones that are overhyped (in your opinion) are in my opinion better designed and probably have better marketing as well. To me they look - the cover- more attractive. I would pick them at least up and read what it says in the back, where the other ones, I (probably) wouldn't. So yes, we shouldn't judge the book by the cover, but I still do that ğŸ˜…",@sunnyflower671,0,2025-09-03T15:18:43Z,youtube
Overhyped vs. slept on books ğŸ“š #booktube #booktok #bookreview #bookhaul,lala,@rabiaabid7771,0,2025-09-03T13:20:15Z,youtube
Overhyped vs. slept on books ğŸ“š #booktube #booktok #bookreview #bookhaul,"You hurt me when you said â€œto all the boys Iâ€™ve loved beforeâ€ was overhyped âœ¨â¤
Buts itâ€™s your opinion so â¤",@aileensegoviano9263,0,2025-08-26T23:09:54Z,youtube
Overhyped vs. slept on books ğŸ“š #booktube #booktok #bookreview #bookhaul,Loved the midnight library. Overhyped for me the 7 husbands of Evelyn Hugo.,@te9238,0,2025-08-11T12:45:11Z,youtube
Overhyped vs. slept on books ğŸ“š #booktube #booktok #bookreview #bookhaul,Parable of the Sower is great!,@langstonmorrison1850,0,2025-08-05T19:45:36Z,youtube
Overhyped vs. slept on books ğŸ“š #booktube #booktok #bookreview #bookhaul,I couldnâ€™t get into love hypothesis :/,@kellysbelly,0,2025-08-04T21:26:18Z,youtube
Overhyped vs. slept on books ğŸ“š #booktube #booktok #bookreview #bookhaul,"To put "" to all the boys i loved before"" in there is diabolical! (I know itâ€™s her opinion)",@Ur_gramdma26,0,2025-07-23T03:29:32Z,youtube
Overhyped vs. slept on books ğŸ“š #booktube #booktok #bookreview #bookhaul,no to all the boys iâ€™ve loved before is so iconic,@kelliestroud6326,0,2025-07-22T05:35:49Z,youtube
Overhyped vs. slept on books ğŸ“š #booktube #booktok #bookreview #bookhaul,Your good â¤,@MorganBlakes,0,2025-07-21T13:46:18Z,youtube
Overhyped vs. slept on books ğŸ“š #booktube #booktok #bookreview #bookhaul,Adding these to my read list ğŸ“š,@monicazulianiladyygrey,0,2025-07-14T16:35:03Z,youtube
Overhyped vs. slept on books ğŸ“š #booktube #booktok #bookreview #bookhaul,Covers look boring. Any of the guys have wings? Shadow powers? Arrogant personality but will burn the solar system down to keep me warm?,@kimberella2105,0,2025-07-12T05:00:24Z,youtube
Overhyped vs. slept on books ğŸ“š #booktube #booktok #bookreview #bookhaul,Yes. Agree!,@chaniezmd9738,0,2025-07-10T18:18:02Z,youtube
Overhyped vs. slept on books ğŸ“š #booktube #booktok #bookreview #bookhaul,I agree with most but I feel like everyone hyped up on earth weâ€™re briefly gorgeous I donâ€™t think itâ€™s underrated at all !!,@jessicaa4436,0,2025-07-04T01:26:55Z,youtube
Overhyped vs. slept on books ğŸ“š #booktube #booktok #bookreview #bookhaul,I loved every overhyped book u mentioned,@CookieGhostie,0,2025-07-02T00:17:50Z,youtube
Overhyped vs. slept on books ğŸ“š #booktube #booktok #bookreview #bookhaul,You had me at big Swiss!!!!!!,@lorynsmith992,0,2025-06-29T18:21:20Z,youtube
Overhyped vs. slept on books ğŸ“š #booktube #booktok #bookreview #bookhaul,ğŸ’•What about â€œThe Sword and The Forgeâ€ by michael bell,@FilmingForJesus_7,0,2025-06-28T14:55:10Z,youtube
Overhyped vs. slept on books ğŸ“š #booktube #booktok #bookreview #bookhaul,Normal people ğŸ‘ğŸ‘ğŸ‘,@kaylabryson1932,0,2025-06-26T00:38:02Z,youtube
Overhyped vs. slept on books ğŸ“š #booktube #booktok #bookreview #bookhaul,Edge of extinction and demon road r so under hyped too!,@Freckleferret12,1,2025-06-21T09:57:31Z,youtube
Overhyped vs. slept on books ğŸ“š #booktube #booktok #bookreview #bookhaul,"For a good read may I suggest Googling reviews of ""Black Bottle Man"".",@craigrussell7542,0,2025-06-21T06:35:10Z,youtube
Books that deserve more hate #booktok #booktube #bookish #bookreview #books #reading #booksummary,Quicksilver isnt hated on enough and I'll die on that hill,@thecottagedairiess,0,2026-01-13T01:58:55Z,youtube
Books that deserve more hate #booktok #booktube #bookish #bookreview #books #reading #booksummary,pls tell me they were laughing at their sons bouncy balls,@MxkenzieMurph,0,2026-01-13T00:52:00Z,youtube
Books that deserve more hate #booktok #booktube #bookish #bookreview #books #reading #booksummary,This is why I stick to gay romance novels lol,@snowchips9596,0,2026-01-12T01:28:46Z,youtube
Books that deserve more hate #booktok #booktube #bookish #bookreview #books #reading #booksummary,"Haunting Adeline
It's literally SA",@anoushkanair2101,0,2026-01-11T08:48:38Z,youtube
Books that deserve more hate #booktok #booktube #bookish #bookreview #books #reading #booksummary,Iâ€™m sorry but like why are ur videos all the same??? Like itâ€™s either ur hating on books (especially Colleen Hoover but I donâ€™t blame u) or ur grabbing a new book,@booktok29,0,2026-01-10T18:53:37Z,youtube
Books that deserve more hate #booktok #booktube #bookish #bookreview #books #reading #booksummary,Here's a thought.  Did you know that you don't have to read a book if you don't like it.  Maybe you can start a campaign to get them banned because they offend your sensibilities.,@QueerTriptych,0,2026-01-10T05:55:42Z,youtube
Books that deserve more hate #booktok #booktube #bookish #bookreview #books #reading #booksummary,"Unpopular opinion but mine is weird age gaps, I just can't even if it's ""legal"" (18 & 40) or when the fmc or mmc knew the love interest from their childhood.",@EstherAiyesimi,0,2026-01-09T21:21:56Z,youtube
Books that deserve more hate #booktok #booktube #bookish #bookreview #books #reading #booksummary,ğŸ˜¬ğŸ˜¬ğŸ˜¬ğŸ˜¬ğŸ˜¬,@hweta6607,0,2026-01-09T04:02:04Z,youtube
Books that deserve more hate #booktok #booktube #bookish #bookreview #books #reading #booksummary,I miss when love and romance wasnâ€™t â€™I really want to get in her pants but alas thatâ€™s in chapter 14â€™. Like I get that there may be some lust but I seriously just want a romance thatâ€™s a meet cute and silly little dates and healthy relationships and just something adorable.,@LunariaLunaRosemary,0,2026-01-08T23:11:08Z,youtube
Books that deserve more hate #booktok #booktube #bookish #bookreview #books #reading #booksummary,The ppl who are all donâ€™t read. WELL DUHH IM NOT READING. Romance is so annoying these days. I canâ€™t find anything without a (often weirdly placed) sex scene. Itâ€™s infuriating. Like Iâ€™m thinking of just digging into classical fiction or stay on kids books because sex donâ€™t make youâ€™re book cooler okay??? And abuse and toxicity should not be glamorized. And even if itâ€™s a coping method itâ€™s a VERY unhealthy one. I genuinely donâ€™t blame people my age who just prefer TV shows and Video Games to books. There is so much shit on the market and in high demand too. Meanwhile actually good things donâ€™t get published because big publishers are just looking for what makes the customer happy. And apparently what makes the customer happy is absolutely shit.,@LunariaLunaRosemary,0,2026-01-08T23:07:02Z,youtube
Books that deserve more hate #booktok #booktube #bookish #bookreview #books #reading #booksummary,"HAUNTING ADELINE. Sexual abuse, harrasment, murder, everything is just SO WRONG in that book... and dont even make me mention the second one. NIGHTMARE",@emaemma2643,0,2026-01-08T20:00:19Z,youtube
Books that deserve more hate #booktok #booktube #bookish #bookreview #books #reading #booksummary,Can we also normalize being allowed to HATE the ACOTAR books?â€¦. ğŸ˜…,@TheJackndabox83,0,2026-01-08T15:36:25Z,youtube
Books that deserve more hate #booktok #booktube #bookish #bookreview #books #reading #booksummary,I enjoyed it ends with us ğŸ˜­,@Spb-s3f,0,2026-01-08T14:53:02Z,youtube
Books that deserve more hate #booktok #booktube #bookish #bookreview #books #reading #booksummary,"i honestly think people have kinks n we shouldnt kink shame, but anything where they are either unconsenting or involving minors is where its just weird. fifty shades of grey the movie was js so cringe omfg",@KrazyKidsUnboxingASMR,0,2026-01-08T05:18:13Z,youtube
Books that deserve more hate #booktok #booktube #bookish #bookreview #books #reading #booksummary,Stroke of Midnight by K. Webster. Age gap â€œromanceâ€ where the guy is a knockoff Christian Guy coupled with the female leadâ€™s icky step brothers who try to gang r*pe her the entire book all the while her dad just remains blindsided throughout. The book also ends on a cliffhanger and I was immediately like â€œHELL F*CKING NO!â€,@laurencovington5491,0,2026-01-07T17:02:22Z,youtube
Books that deserve more hate #booktok #booktube #bookish #bookreview #books #reading #booksummary,I don't get the problem with bj... does it mean smt??,@ideiascomamari,1,2026-01-07T01:43:40Z,youtube
Books that deserve more hate #booktok #booktube #bookish #bookreview #books #reading #booksummary,How dare you hold up icebreaker,@Box_ofcereal,0,2026-01-06T20:54:36Z,youtube
Books that deserve more hate #booktok #booktube #bookish #bookreview #books #reading #booksummary,"I donâ€™t just dislike these books because of the taboo subject matter. I dislike that the author is (metaphorically) yapping in my ear, telling me what to think. Theyâ€™re not subtle about anything.",@chocolatetuesday,0,2026-01-06T18:35:25Z,youtube
Books that deserve more hate #booktok #booktube #bookish #bookreview #books #reading #booksummary,"My friend told me to read Verity by Colleen Hoover. I had no idea who she was so I read it. The concept could have actually been interesting but it was so over the top sexual, melodramatic, and got so ridiculous at the end. Never again ğŸ˜‚",@ArtbyBrailey,0,2026-01-06T06:13:24Z,youtube
Books that deserve more hate #booktok #booktube #bookish #bookreview #books #reading #booksummary,I hate those Amish romance books.,@Mama_Doomm,0,2026-01-05T23:30:36Z,youtube
Books that deserve more hate #booktok #booktube #bookish #bookreview #books #reading #booksummary,Literacy is dead,@asteri8299,0,2026-01-04T23:41:01Z,youtube
Books that deserve more hate #booktok #booktube #bookish #bookreview #books #reading #booksummary,Magnolia parks I could no read,@jennifernelson7219,0,2026-01-04T22:34:38Z,youtube
Books that deserve more hate #booktok #booktube #bookish #bookreview #books #reading #booksummary,The Koran should be up there,@angrypredator2704,0,2026-01-04T17:33:03Z,youtube
Books that deserve more hate #booktok #booktube #bookish #bookreview #books #reading #booksummary,Other than fifty shades of grey also the other type of books that should be hated is Twilight.,@liemdrake,0,2026-01-03T20:59:33Z,youtube
Books that deserve more hate #booktok #booktube #bookish #bookreview #books #reading #booksummary,Haunting adeline,@Zlovesbooks,0,2026-01-03T18:20:05Z,youtube
Books that deserve more hate #booktok #booktube #bookish #bookreview #books #reading #booksummary,Den of Vipers!!,@nu3971,0,2026-01-03T07:40:52Z,youtube
Books that deserve more hate #booktok #booktube #bookish #bookreview #books #reading #booksummary,thank god a someone whos not a guy is calling out these books. cuz i am tired of getting called a sexist while complaining abt obvious gooner crap (plot isnt very good either) books on good reads,@Cuber69-kh3us,1,2026-01-03T04:21:04Z,youtube
Books that deserve more hate #booktok #booktube #bookish #bookreview #books #reading #booksummary,"It's funny that if it's homosexual fiction with this sort of trope, they'd immediately get backlash so heavily like 'ew yall like abuse, killing and stalking, etc? Or 'just two guys/girls friends and yall shipping them??'

And then whole straight romance in every media is almost this and rarely ever gets talked against.",@Kavehbussy,0,2026-01-02T22:37:07Z,youtube
Books that deserve more hate #booktok #booktube #bookish #bookreview #books #reading #booksummary,Cheating and homewrecking also normalised like don't yall have shame?,@Kavehbussy,1,2026-01-02T22:35:30Z,youtube
Books that deserve more hate #booktok #booktube #bookish #bookreview #books #reading #booksummary,"hot take, you SHOULD read books that make you uncomfortable. it is good for you both intellectually and morally. you need to experience art that makes you uncomfortable. go out of your way to do it, even. analyze why it makes you uncomfortable, analyze why the author might have written this, analyze everything. in a time where conservatism is at an all time high and rising, we need intellectualism more than ever, and that starts by expanding your worldview",@commicjester2015,0,2026-01-02T14:07:09Z,youtube
Books that deserve more hate #booktok #booktube #bookish #bookreview #books #reading #booksummary,I said this before but you hate on colleen hoover in like every video and i srrsly think you get more ppl to read it (bcs they want to see if it's actually ad bad as you claim) than you get ppl to not read it. Aside from always hating on colleen hoover i love your videos lol,@azaemogirl1572,0,2026-01-02T09:49:16Z,youtube
Books that deserve more hate #booktok #booktube #bookish #bookreview #books #reading #booksummary,i just ordered icebreaker broo ğŸ˜­ğŸ˜­ğŸ˜­,@jesus_saves-j4l,0,2026-01-01T20:29:02Z,youtube
Books that deserve more hate #booktok #booktube #bookish #bookreview #books #reading #booksummary,Icebreaker I'm sorry Harry Potter community but your author and it isn't the best person,@Bearzies_journey,1,2025-12-31T03:18:01Z,youtube
Books that deserve more hate #booktok #booktube #bookish #bookreview #books #reading #booksummary,Call Me By Your Name,@Sik-1802,0,2025-12-30T17:02:17Z,youtube
Books that deserve more hate #booktok #booktube #bookish #bookreview #books #reading #booksummary,It's absolutely disgusting that young women are being fed crap like this. Try finding any young adult book and it's littered with sexual violence and other forms of abuse.,@emmer-thomas,1,2025-12-29T23:02:53Z,youtube
Books that deserve more hate #booktok #booktube #bookish #bookreview #books #reading #booksummary,Add Haunting Adeline to the list,@megkrish7568,1,2025-12-29T14:36:48Z,youtube
Books that deserve more hate #booktok #booktube #bookish #bookreview #books #reading #booksummary,For me it had to be haunting Adeline I hate Zade.,@NamelessBurnedToast,1,2025-12-28T06:45:29Z,youtube
Books that deserve more hate #booktok #booktube #bookish #bookreview #books #reading #booksummary,Eww at the gymnastics one,@amandanicole624,1,2025-12-28T03:30:28Z,youtube
Books that deserve more hate #booktok #booktube #bookish #bookreview #books #reading #booksummary,Lets get Haunting Adeline banned ğŸ™,@User59-x2m,1,2025-12-27T21:12:09Z,youtube
Books that deserve more hate #booktok #booktube #bookish #bookreview #books #reading #booksummary,I brought ugly love into school book day in year 6 and I found it on my teachers desk and I knew I was cooked ğŸ˜­ğŸ¤š,@AnUnknownStar,0,2025-12-27T07:06:17Z,youtube
Books that deserve more hate #booktok #booktube #bookish #bookreview #books #reading #booksummary,These books are all 5 stars in my opinion. ğŸš ğŸš ğŸš ğŸš ğŸš ğŸš ğŸš ğŸš ğŸš ğŸš ğŸš ğŸš ğŸš ğŸš ğŸš ğŸš ğŸš ğŸš ğŸš ğŸš ğŸš ğŸš ğŸš ğŸš ğŸš ğŸš ğŸš ğŸš ğŸš ğŸš ğŸš ğŸš ğŸš ğŸš ğŸš ğŸš ğŸš ğŸš ğŸš ğŸš ğŸš ğŸš ğŸš ğŸš ğŸš ğŸš ğŸš ğŸš ğŸš ğŸš ğŸš ğŸš ğŸš ğŸš ğŸš ğŸš ğŸš ğŸš ğŸš ğŸš ğŸš ğŸš ğŸš ğŸš ğŸš ğŸš ğŸš ğŸš ğŸš ğŸš ğŸš ğŸš ğŸš ğŸš ğŸš ğŸš ğŸš ğŸš ğŸš ğŸš ğŸš ğŸš ğŸš ğŸš ğŸš ğŸš ğŸš ğŸš ğŸš ğŸš ğŸš ğŸš ğŸš ğŸš ğŸš ğŸš ğŸš ğŸš ğŸš ğŸš ğŸš ğŸš ğŸš ğŸš ğŸš ğŸš ğŸš ğŸš ğŸš ğŸš ğŸš ğŸš ğŸš ğŸš ğŸš ğŸš ğŸš ğŸš ğŸš ğŸš ğŸš ğŸš ğŸš ğŸš ğŸš ğŸš ğŸš ğŸš ğŸš ğŸš ğŸš ğŸš ğŸš ğŸš ğŸš ğŸš ğŸš ğŸš ğŸš ğŸš ğŸš ğŸš ğŸš ğŸš ğŸš ğŸš ğŸš ğŸš ğŸš ğŸš ğŸš ğŸš ğŸš ğŸš ğŸš ğŸš ğŸš ğŸš ğŸš ğŸš ğŸš ğŸš ğŸš ğŸš ğŸš ğŸš ğŸš ğŸš ğŸš ğŸš ğŸš ğŸš ğŸš ğŸš ğŸš ğŸš ğŸš ğŸš ğŸš ğŸš ğŸš ğŸš ğŸš ğŸš ğŸš ğŸš ğŸš ğŸš ğŸš ğŸš ğŸš ğŸš ğŸš ğŸš ğŸš ğŸš ğŸš ğŸš ğŸš ğŸš ğŸš ğŸš ğŸš ğŸš ğŸš ğŸš ğŸš ğŸš ğŸš ğŸš ğŸš ğŸš ğŸš ğŸš ğŸš ğŸš ğŸš ğŸš ğŸš ğŸš ğŸš ğŸš ğŸš ğŸš ğŸš ğŸš ğŸš ğŸš ğŸš ğŸš ğŸš ğŸš ğŸš ğŸš ğŸš ğŸš ğŸš ğŸš ğŸš ğŸš ğŸš ğŸš ğŸš ğŸš ğŸš ğŸš ğŸš ğŸš ğŸš ğŸš ğŸš ğŸš ğŸš ğŸš ğŸš ğŸš ğŸš ğŸš ğŸš ğŸš ğŸš ğŸš ğŸš ğŸš ğŸš ğŸš ğŸš ğŸš ğŸš ğŸš ğŸš ğŸš ğŸš ğŸš ğŸš ğŸš ğŸš ğŸš ğŸš ğŸš ğŸš ğŸš ğŸš ğŸš ğŸš ğŸš ğŸš ğŸš ğŸš ğŸš ğŸš ğŸš ğŸš ğŸš ğŸš ğŸš ğŸš ğŸš ğŸš ğŸš ğŸš ğŸš ğŸš ğŸš ğŸš ğŸš ğŸš ğŸš ğŸš ğŸš ğŸš ğŸš ğŸš ğŸš ğŸš ğŸš ğŸš ğŸš ğŸš ğŸš ğŸš ğŸš ğŸš ğŸš ğŸš ğŸš ğŸš ğŸš ğŸš ğŸš ğŸš ğŸš ğŸš ğŸš ğŸš ğŸš ğŸš ğŸš ğŸš ğŸš ğŸš ğŸš ğŸš ğŸš ğŸš ğŸš ğŸš ğŸš ğŸš ğŸš ğŸš ğŸš ğŸš ğŸš ğŸš ğŸš ğŸš ğŸš ğŸš ğŸš ğŸš ğŸš ğŸš ğŸš ğŸš ğŸš ğŸš ğŸš ğŸš ğŸš ğŸš ğŸš ğŸš ğŸš ğŸš ğŸš ğŸš ğŸš ğŸš ğŸš ğŸš ğŸš ğŸš ğŸš ğŸš ğŸš ğŸš ğŸš ğŸš ğŸš ğŸš ğŸš ğŸš ğŸš ğŸš ğŸš ğŸš ğŸš ğŸš ğŸš ğŸš ğŸš ğŸš ğŸš ğŸš ğŸš ğŸš ğŸš ğŸš ğŸš ğŸš ğŸš ğŸš ğŸš ğŸš ğŸš ğŸš ğŸš ğŸš ğŸš ğŸš ğŸš ğŸš ğŸš ğŸš ğŸš ğŸš ğŸš ğŸš ğŸš ğŸš ğŸš ğŸš ğŸš ğŸš ğŸš ğŸš ğŸš ğŸš ğŸš ğŸš ğŸš ğŸš ğŸš ğŸš ğŸš ğŸš ğŸš ğŸš ğŸš ğŸš ğŸš ğŸš ğŸš ğŸš ğŸš ğŸš ğŸš ğŸš ğŸš ğŸš ğŸš ğŸš ğŸš ğŸš ğŸš ğŸš ğŸš ğŸš ğŸš ğŸš ğŸš ğŸš ğŸš ğŸš ğŸš ğŸš ğŸš ğŸš ğŸš ğŸš ğŸš ğŸš ğŸš ğŸš ğŸš ğŸš ğŸš ğŸš ğŸš ğŸš ğŸš ğŸš ğŸš ğŸš ğŸš ğŸš ğŸš ğŸš ğŸš ğŸš ğŸš ğŸš ğŸš ğŸš ğŸš ğŸš ğŸš ğŸš ğŸš ğŸš ğŸš ğŸš ğŸš ğŸš ğŸš ğŸš ğŸš ğŸš ğŸš ğŸš ğŸš ğŸš ğŸš ğŸš ğŸš ğŸš ğŸš ğŸš ğŸš ğŸš ğŸš ğŸš ğŸš ğŸš ğŸš ğŸš ğŸš ğŸš ğŸš ğŸš ğŸš ğŸš ğŸš ğŸš ğŸš ğŸš ğŸš ğŸš ğŸš ğŸš ğŸš ğŸš ğŸš ğŸš ğŸš ğŸš ğŸš ğŸš ğŸš ğŸš ğŸš ğŸš ğŸš ğŸš ğŸš ğŸš ğŸš ğŸš ğŸš ğŸš ğŸš ğŸš ğŸš ğŸš ğŸš ğŸš ğŸš ğŸš ğŸš ğŸš ğŸš ğŸš ğŸš ğŸš ğŸš ğŸš ğŸš ğŸš ğŸš ğŸš ğŸš ğŸš ğŸš ğŸš ğŸš ğŸš ğŸš ğŸš ğŸš ğŸš ğŸš ğŸš ğŸš ğŸš ğŸš ğŸš ğŸš ğŸš ğŸš ğŸš ğŸš ğŸš ğŸš ğŸš ğŸš ğŸš ğŸš ğŸš ğŸš ğŸš ğŸš ğŸš ğŸš ğŸš ğŸš ğŸš ğŸš ğŸš ğŸš ğŸš ğŸš ğŸš ğŸš ğŸš ğŸš ğŸš ğŸš ğŸš ğŸš ğŸš ğŸš ğŸš ğŸš ğŸš ğŸš ğŸš ğŸš ğŸš ğŸš ğŸš ğŸš ğŸš ğŸš ğŸš ğŸš ğŸš ğŸš ğŸš ğŸš ğŸš ğŸš ğŸš ğŸš ğŸš ğŸš ğŸš ğŸš ğŸš ğŸš ğŸš ğŸš ğŸš ğŸš ğŸš ğŸš ğŸš ğŸš ğŸš ğŸš ğŸš ğŸš ğŸš ğŸš ğŸš ğŸš ğŸš ğŸš ğŸš ğŸš ğŸš ğŸš ğŸš ğŸš ğŸš ğŸš ğŸš ğŸš ğŸš ğŸš ğŸš ğŸš ğŸš ğŸš ğŸš ğŸš ğŸš ğŸš ğŸš ğŸš ğŸš ğŸš ğŸš ğŸš ğŸš ğŸš ğŸš ğŸš ğŸš ğŸš ğŸš ğŸš ğŸš ğŸš ğŸš ğŸš ğŸš ğŸš ğŸš ğŸš ğŸš ğŸš ğŸš ğŸš ğŸš ğŸš ğŸš ğŸš ğŸš ğŸš ğŸš ğŸš ğŸš ğŸš ğŸš ğŸš ğŸš ğŸš ğŸš ğŸš ğŸš ğŸš ğŸš ğŸš ğŸš ğŸš ğŸš ğŸš ğŸš ğŸš ğŸš ğŸš ğŸš ğŸš ğŸš ğŸš ğŸš ğŸš ğŸš ğŸš ğŸš ğŸš ğŸš ğŸš ğŸš ğŸš ğŸš ğŸš ğŸš ğŸš ğŸš ğŸš ğŸš ğŸš ğŸš ğŸš ğŸš ğŸš ğŸš ğŸš ğŸš ğŸš ğŸš ğŸš ğŸš ğŸš ğŸš ğŸš ğŸš ğŸš ğŸš ğŸš ğŸš ğŸš ğŸš ğŸš ğŸš ğŸš ğŸš ğŸš ğŸš ğŸš ğŸš ğŸš ğŸš ğŸš ğŸš ğŸš ğŸš ğŸš ğŸš ğŸš ğŸš ğŸš ğŸš ğŸš ğŸš ğŸš ğŸš ğŸš ğŸš ğŸš ğŸš ğŸš ğŸš ğŸš ğŸš ğŸš ğŸš ğŸš ğŸš ğŸš ğŸš ğŸš ğŸš ğŸš ğŸš ğŸš ğŸš ğŸš ğŸš ğŸš ğŸš ğŸš ğŸš ğŸš ğŸš ğŸš ğŸš ğŸš ğŸš ğŸš ğŸš ğŸš ğŸš ğŸš ğŸš ğŸš ğŸš ğŸš ğŸš ğŸš ğŸš ğŸš ğŸš ğŸš ğŸš ğŸš ğŸš ğŸš ğŸš ğŸš ğŸš ğŸš ğŸš ğŸš ğŸš ğŸš ğŸš ğŸš ğŸš ğŸš ğŸš ğŸš ğŸš ğŸš ğŸš ğŸš ğŸš ğŸš ğŸš ğŸš ğŸš ğŸš ğŸš ğŸš ğŸš ğŸš ğŸš ğŸš ğŸš ğŸš ğŸš ğŸš ğŸš ğŸš ğŸš ğŸš ğŸš ğŸš ğŸš ğŸš ğŸš ğŸš ğŸš ğŸš ğŸš ğŸš ğŸš ğŸš ğŸš ğŸš ğŸš ğŸš ğŸš ğŸš ğŸš ğŸš ğŸš ğŸš ğŸš ğŸš ğŸš ğŸš ğŸš ğŸš ğŸš ğŸš ğŸš ğŸš ğŸš ğŸš ğŸš ğŸš ğŸš ğŸš ğŸš ğŸš ğŸš ğŸš ğŸš ğŸš ğŸš ğŸš ğŸš ğŸš ğŸš ğŸš ğŸš ğŸš ğŸš ğŸš ğŸš ğŸš ğŸš ğŸš ğŸš ğŸš ğŸš ğŸš ğŸš ğŸš ğŸš ğŸš ğŸš ğŸš ğŸš ğŸš ğŸš ğŸš ğŸš ğŸš ğŸš ğŸš ğŸš ğŸš ğŸš ğŸš ğŸš ğŸš ğŸš ğŸš ğŸš ğŸš ğŸš ğŸš ğŸš ğŸš ğŸš ğŸš ğŸš ğŸš ğŸš ğŸš ğŸš ğŸš ğŸš ğŸš ğŸš ğŸš ğŸš ğŸš ğŸš ğŸš ğŸš ğŸš ğŸš ğŸš ğŸš ğŸš ğŸš ğŸš ğŸš ğŸš ğŸš ğŸš ğŸš ğŸš ğŸš ğŸš ğŸš ğŸš ğŸš ğŸš ğŸš ğŸš ğŸš ğŸš ğŸš ğŸš ğŸš ğŸš ğŸš ğŸš ğŸš ğŸš ğŸš ğŸš ğŸš ğŸš ğŸš ğŸš ğŸš ğŸš ğŸš ğŸš ğŸš ğŸš ğŸš ğŸš ğŸš ğŸš ğŸš ğŸš ğŸš ğŸš ğŸš ğŸš ğŸš ğŸš ğŸš ğŸš ğŸš ğŸš ğŸš ğŸš ğŸš ğŸš ğŸš ğŸš ğŸš ğŸš ğŸš ğŸš ğŸš ğŸš ğŸš ğŸš ğŸš ğŸš ğŸš ğŸš ğŸš ğŸš ğŸš ğŸš ğŸš ğŸš ğŸš ğŸš ğŸš ğŸš ğŸš ğŸš ğŸš ğŸš ğŸš ğŸš ğŸš ğŸš ğŸš ğŸš ğŸš ğŸš ğŸš ğŸš ğŸš ğŸš ğŸš ğŸš ğŸš ğŸš ğŸš ğŸš ğŸš ğŸš ğŸš ğŸš ğŸš ğŸš ğŸš ğŸš ğŸš ğŸš ğŸš ğŸš ğŸš ğŸš ğŸš ğŸš ğŸš ğŸš ğŸš ğŸš ğŸš ğŸš ğŸš ğŸš ğŸš ğŸš ğŸš ğŸš ğŸš ğŸš ğŸš ğŸš ğŸš ğŸš ğŸš ğŸš ğŸš ğŸš ğŸš ğŸš ğŸš ğŸš ğŸš ğŸš ğŸš ğŸš ğŸš ğŸš ğŸš ğŸš ğŸš ğŸš ğŸš ğŸš ğŸš ğŸš ğŸš ğŸš ğŸš ğŸš ğŸš ğŸš ğŸš ğŸš ğŸš ğŸš ğŸš ğŸš ğŸš ğŸš ğŸš ğŸš ğŸš ğŸš ğŸš ğŸš ğŸš ğŸš ğŸš ğŸš ğŸš ğŸš ğŸš ğŸš ğŸš ğŸš ğŸš ğŸš ğŸš ğŸš ğŸš ğŸš ğŸš ğŸš ğŸš ğŸš ğŸš ğŸš ğŸš ğŸš ğŸš ğŸš ğŸš ğŸš ğŸš ğŸš ğŸš ğŸš ğŸš ğŸš ğŸš ğŸš ğŸš ğŸš ğŸš ğŸš ğŸš ğŸš ğŸš ğŸš ğŸš ğŸš ğŸš ğŸš ğŸš ğŸš ğŸš ğŸš ğŸš ğŸš ğŸš ğŸš ğŸš ğŸš ğŸš ğŸš ğŸš ğŸš ğŸš ğŸš ğŸš ğŸš ğŸš ğŸš ğŸš ğŸš ğŸš ğŸš ğŸš ğŸš ğŸš ğŸš ğŸš ğŸš ğŸš ğŸš ğŸš ğŸš ğŸš ğŸš ğŸš ğŸš ğŸš ğŸš ğŸš ğŸš ğŸš ğŸš ğŸš ğŸš ğŸš ğŸš ğŸš ğŸš ğŸš ğŸš ğŸš ğŸš ğŸš ğŸš ğŸš ğŸš ğŸš ğŸš ğŸš ğŸš ğŸš ğŸš ğŸš ğŸš ğŸš ğŸš ğŸš ğŸš ğŸš ğŸš ğŸš ğŸš ğŸš ğŸš ğŸš ğŸš ğŸš ğŸš ğŸš ğŸš ğŸš ğŸš ğŸš ğŸš ğŸš ğŸš ğŸš ğŸš ğŸš ğŸš ğŸš ğŸš ğŸš ğŸš ğŸš ğŸš ğŸš ğŸš ğŸš ğŸš ğŸš ğŸš ğŸš ğŸš ğŸš ğŸš ğŸš ğŸš ğŸš ğŸš ğŸš ğŸš ğŸš ğŸš ğŸš ğŸš ğŸš ğŸš ğŸš ğŸš ğŸš ğŸš ğŸš ğŸš ğŸš ğŸš ğŸš ğŸš ğŸš ğŸš ğŸš ğŸš ğŸš ğŸš ğŸš ğŸš ğŸš ğŸš ğŸš ğŸš ğŸš ğŸš ğŸš ğŸš ğŸš ğŸš ğŸš ğŸš ğŸš ğŸš ğŸš ğŸš ğŸš ğŸš ğŸš ğŸš ğŸš ğŸš ğŸš ğŸš ğŸš ğŸš ğŸš ğŸš ğŸš ğŸš ğŸš ğŸš ğŸš ğŸš ğŸš ğŸš ğŸš ğŸš ğŸš ğŸš ğŸš ğŸš ğŸš ğŸš ğŸš ğŸš ğŸš ğŸš ğŸš ğŸš ğŸš ğŸš ğŸš ğŸš ğŸš ğŸš ğŸš ğŸš ğŸš ğŸš ğŸš ğŸš ğŸš ğŸš ğŸš ğŸš ğŸš ğŸš ğŸš ğŸš ğŸš ğŸš ğŸš ğŸš ğŸš ğŸš ğŸš ğŸš ğŸš ğŸš ğŸš ğŸš ğŸš ğŸš ğŸš ğŸš ğŸš ğŸš ğŸš ğŸš ğŸš ğŸš ğŸš ğŸš ğŸš ğŸš ğŸš ğŸš ğŸš ğŸš ğŸš ğŸš ğŸš ğŸš ğŸš ğŸš ğŸš ğŸš ğŸš ğŸš ğŸš ğŸš ğŸš ğŸš ğŸš ğŸš ğŸš ğŸš ğŸš ğŸš ğŸš ğŸš ğŸš ğŸš ğŸš ğŸš ğŸš ğŸš ğŸš ğŸš ğŸš ğŸš ğŸš ğŸš ğŸš ğŸš ğŸš ğŸš ğŸš ğŸš ğŸš ğŸš ğŸš ğŸš ğŸš ğŸš ğŸš ğŸš ğŸš ğŸš ğŸš ğŸš ğŸš ğŸš ğŸš ğŸš ğŸš ğŸš ğŸš ğŸš ğŸš ğŸš ğŸš ğŸš ğŸš ğŸš ğŸš ğŸš ğŸš ğŸš ğŸš ğŸš ğŸš ğŸš ğŸš ğŸš ğŸš ğŸš ğŸš ğŸš ğŸš ğŸš ğŸš ğŸš ğŸš ğŸš ğŸš ğŸš ğŸš ğŸš ğŸš ğŸš ğŸš ğŸš ğŸš ğŸš ğŸš ğŸš ğŸš ğŸš ğŸš ğŸš ğŸš ğŸš ğŸš ğŸš ğŸš ğŸš ğŸš ğŸš ğŸš ğŸš ğŸš ğŸš ğŸš ğŸš ğŸš ğŸš ğŸš ğŸš ğŸš ğŸš ğŸš ğŸš ğŸš ğŸš ğŸš ğŸš ğŸš ğŸš ğŸš ğŸš ğŸš ğŸš ğŸš ğŸš ğŸš ğŸš ğŸš ğŸš ğŸš ğŸš ğŸš ğŸš ğŸš ğŸš ğŸš ğŸš ğŸš ğŸš ğŸš ğŸš ğŸš ğŸš ğŸš ğŸš ğŸš ğŸš ğŸš ğŸš ğŸš ğŸš ğŸš ğŸš ğŸš ğŸš ğŸš ğŸš ğŸš ğŸš ğŸš ğŸš ğŸš ğŸš ğŸš ğŸš ğŸš ğŸš ğŸš ğŸš ğŸš ğŸš ğŸš ğŸš ğŸš ğŸš ğŸš ğŸš ğŸš ğŸš ğŸš ğŸš ğŸš ğŸš ğŸš ğŸš ğŸš ğŸš ğŸš ğŸš ğŸš ğŸš ğŸš ğŸš ğŸš ğŸš ğŸš ğŸš ğŸš ğŸš ğŸš ğŸš ğŸš ğŸš ğŸš ğŸš ğŸš ğŸš ğŸš ğŸš ğŸš ğŸš ğŸš ğŸš ğŸš ğŸš ğŸš ğŸš ğŸš ğŸš ğŸš ğŸš ğŸš ğŸš ğŸš ğŸš ğŸš ğŸš ğŸš ğŸš ğŸš ğŸš ğŸš ğŸš ğŸš ğŸš ğŸš ğŸš ğŸš ğŸš ğŸš ğŸš ğŸš ğŸš ğŸš ğŸš ğŸš ğŸš ğŸš ğŸš ğŸš ğŸš ğŸš ğŸš ğŸš ğŸš ğŸš ğŸš ğŸš ğŸš ğŸš ğŸš ğŸš ğŸš ğŸš ğŸš ğŸš ğŸš ğŸš ğŸš ğŸš ğŸš ğŸš ğŸš ğŸš ğŸš ğŸš ğŸš ğŸš ğŸš ğŸš ğŸš ğŸš ğŸš ğŸš ğŸš ğŸš ğŸš ğŸš ğŸš ğŸš ğŸš ğŸš ğŸš ,@aznboy2729,1,2025-12-27T04:38:26Z,youtube
Books that deserve more hate #booktok #booktube #bookish #bookreview #books #reading #booksummary,I thought all foarm of pedophilia was banned across the civilized world. Did you find those books in a middle eastern countury?,@stebbigunn7690,1,2025-12-26T19:24:32Z,youtube
Books that deserve more hate #booktok #booktube #bookish #bookreview #books #reading #booksummary,"Honestly ""how my neighbor stole christmas"" THE CANDYCANE SCENE THOUGH WAS JUST A CARY",@nonya-y7v,0,2025-12-26T17:03:52Z,youtube
Books that deserve more hate #booktok #booktube #bookish #bookreview #books #reading #booksummary,I hate the lovely bones with a burning passion,@Anigmasofnight,1,2025-12-26T02:41:35Z,youtube
Books that deserve more hate #booktok #booktube #bookish #bookreview #books #reading #booksummary,SA is terrible but you need to stop kink shaming seriously,@Wakapat_YT,1,2025-12-25T13:06:13Z,youtube
Books that deserve more hate #booktok #booktube #bookish #bookreview #books #reading #booksummary,book that deserved to be burnt,@username-oz6gz,0,2025-12-25T10:36:53Z,youtube
Books that deserve more hate #booktok #booktube #bookish #bookreview #books #reading #booksummary,Not the books but the author *ahem* jk Rowling *ahem*,@Luna11p10-h5o,0,2025-12-25T10:35:42Z,youtube
Books that deserve more hate #booktok #booktube #bookish #bookreview #books #reading #booksummary,Glad you didn't mention Twisted Love in there....,@LaraP.Duqueza,0,2025-12-25T04:09:43Z,youtube
Books that deserve more hate #booktok #booktube #bookish #bookreview #books #reading #booksummary,ACOTARRRRRR,@RassberryBear,0,2025-12-25T02:59:58Z,youtube
Books that deserve more hate #booktok #booktube #bookish #bookreview #books #reading #booksummary,Fear and Loathing in Las Vegas needs some more hate,@quartztoad,0,2025-12-24T18:10:01Z,youtube
